Epoch,Training Set Accuracy, Generalization Set Accuracy,Training Set MSE, Generalization Set MSE
0,9.8,11.2
5,11.2824,11.6
10,10.4941,8.4
15,10.1412,8.6
20,9.49412,7.4
25,11.0588,11.6
30,8.54118,9.6
35,8.44706,9.4
40,8.28235,9
45,8.08235,8.6
50,7.91765,8.4
55,7.81176,7.8
60,7.78824,7.8
65,7.70588,8
70,7.67059,8.2
75,7.61176,8.4
80,7.51765,8.4
85,7.44706,8.6
90,7.34118,8.4
95,7.35294,8.4
100,7.31765,8.6

Training Complete!!! - > Elapsed Epochs: 100 Validation Set Accuracy: 7.5
